-- 额外 15 个合同，覆盖更多真实场景
-- 大调度：张工/王工/赵工/刘工
-- 供应经理：李经理/王经理/赵经理/孙经理/钱经理
-- 客户：国内运营商 + 海外运营商 + 企业网

-- ============================================================
-- 合同6: 中国联通 北京城域网 — 正常，已交单
-- ============================================================
INSERT OR REPLACE INTO contract_batch VALUES (
    '1Y07123456789A_B001', '1Y07123456789A', 'B001',
    '北京联通城域网', '中国联通', 'CN', 'OptiX OSN 9800',
    '张工', '2025-11-01', '2026-03-15', '2026-03-10', '2026-03-01', '2026-03-08',
    '李经理', NULL, '陈工', NULL, NULL,
    '已完成', 1, '已承诺', NULL, 'OSN9800-V300R023', NULL, NULL,
    NULL, NULL, NULL, NULL, 1711267200000
);

-- ============================================================
-- 合同7: Orange 法国骨干网 — CPD不满足 + 欠料
-- ============================================================
INSERT OR REPLACE INTO contract_batch VALUES (
    '1Y08234567890B_B001', '1Y08234567890B', 'B001',
    '法国骨干网升级', 'Orange', 'FR', 'OptiX OSN 9800',
    '张工', '2026-01-15', '2026-04-10', '2026-04-20', '2026-03-20', NULL,
    '王经理', NULL, '陈工', NULL, NULL,
    '提拉中', 1, '已承诺', 'Y', 'OSN9800-V300R023', NULL, NULL,
    NULL, NULL, NULL, NULL, 1711267200000
);

INSERT OR REPLACE INTO contract_batch VALUES (
    '1Y08234567890B_B002', '1Y08234567890B', 'B002',
    '法国骨干网升级', 'Orange', 'FR', 'OptiX OSN 9800',
    '张工', '2026-01-15', '2026-05-01', '2026-04-25', NULL, NULL,
    '王经理', NULL, '陈工', NULL, NULL,
    '正常', 1, '已承诺', NULL, 'OSN9800-V300R023', NULL, NULL,
    NULL, NULL, NULL, NULL, 1711267200000
);

-- ============================================================
-- 合同8: Etisalat 阿联酋5G — 未承诺 + 急单
-- ============================================================
INSERT OR REPLACE INTO contract_batch VALUES (
    '1Y09345678901C_B001', '1Y09345678901C', 'B001',
    '阿联酋5G核心网', 'Etisalat', 'AE', 'NetEngine 8000',
    '王工', '2026-02-10', '2026-04-01', NULL, NULL, NULL,
    '赵经理', NULL, '李工', NULL, NULL,
    '待处理', 0, '未承诺', 'Y', 'NE8000-X8', NULL, NULL,
    '1', NULL, NULL, NULL, 1711267200000
);

-- ============================================================
-- 合同9: MTN 南非数据中心 — 正常
-- ============================================================
INSERT OR REPLACE INTO contract_batch VALUES (
    '1Y10456789012D_B001', '1Y10456789012D', 'B001',
    '南非数据中心扩容', 'MTN', 'ZA', 'OceanStor 5300',
    '赵工', '2026-01-20', '2026-04-30', '2026-04-25', '2026-03-15', NULL,
    '孙经理', NULL, NULL, NULL, NULL,
    '正常', 1, '已承诺', NULL, 'OceanStor5300-V300', NULL, NULL,
    NULL, NULL, NULL, NULL, 1711267200000
);

-- ============================================================
-- 合同10: 中国移动 广东传输 — 3个批次，1个不满足 + 2个正常
-- ============================================================
INSERT OR REPLACE INTO contract_batch VALUES (
    '1Y11567890123E_B001', '1Y11567890123E', 'B001',
    '广东移动传输网扩容', '中国移动', 'CN', 'OptiX OSN 1800',
    '张工', '2026-02-01', '2026-04-05', '2026-04-15', '2026-03-10', NULL,
    '李经理', '刘主管', '陈工', NULL, NULL,
    '提拉中', 1, '已承诺', 'Y', 'OSN1800-V100R022', NULL, NULL,
    NULL, '00E839201B', 'HWA002', '2026-04-10', 1711267200000
);

INSERT OR REPLACE INTO contract_batch VALUES (
    '1Y11567890123E_B002', '1Y11567890123E', 'B002',
    '广东移动传输网扩容', '中国移动', 'CN', 'OptiX OSN 1800',
    '张工', '2026-02-01', '2026-05-10', '2026-05-05', NULL, NULL,
    '李经理', '刘主管', '陈工', NULL, NULL,
    '正常', 1, '已承诺', NULL, 'OSN1800-V100R022', NULL, NULL,
    NULL, NULL, NULL, NULL, 1711267200000
);

INSERT OR REPLACE INTO contract_batch VALUES (
    '1Y11567890123E_B003', '1Y11567890123E', 'B003',
    '广东移动传输网扩容', '中国移动', 'CN', 'OptiX OSN 1800',
    '张工', '2026-02-01', '2026-06-01', '2026-05-28', NULL, NULL,
    '李经理', '刘主管', '陈工', NULL, NULL,
    '正常', 1, '已承诺', NULL, 'OSN1800-V100R022', NULL, NULL,
    NULL, NULL, NULL, NULL, 1711267200000
);

-- ============================================================
-- 合同11: STC 沙特企业网 — HWA批次 CPD不满足
-- ============================================================
INSERT OR REPLACE INTO contract_batch VALUES (
    '1Y12678901234F_HWA001', '1Y12678901234F', 'HWA001',
    '沙特企业网部署', 'STC', 'SA', 'AirEngine 8700',
    '刘工', '2026-01-10', '2026-03-25', '2026-04-05', NULL, NULL,
    '钱经理', NULL, NULL, NULL, NULL,
    '提拉中', 1, '已承诺', NULL, 'AE8700-X1E', NULL, NULL,
    '1', NULL, NULL, NULL, 1711267200000
);

-- ============================================================
-- 合同12: Turkcell 土耳其传输 — 正常
-- ============================================================
INSERT OR REPLACE INTO contract_batch VALUES (
    '1Y13789012345A_B001', '1Y13789012345A', 'B001',
    '土耳其传输网', 'Turkcell', 'TR', 'OptiX OSN 1800',
    '张工', '2026-02-20', '2026-05-15', '2026-05-10', NULL, NULL,
    '王经理', NULL, '陈工', NULL, NULL,
    '正常', 1, '已承诺', NULL, 'OSN1800-V100R022', NULL, NULL,
    NULL, NULL, NULL, NULL, 1711267200000
);

-- ============================================================
-- 合同13: 中国电信 上海数据中心 — 未承诺
-- ============================================================
INSERT OR REPLACE INTO contract_batch VALUES (
    '1Y14890123456B_B001', '1Y14890123456B', 'B001',
    '上海电信数据中心', '中国电信', 'CN', 'OceanStor 5300',
    '赵工', '2026-02-25', '2026-04-10', NULL, NULL, NULL,
    '孙经理', NULL, '李工', NULL, NULL,
    '待处理', 0, '未承诺', NULL, 'OceanStor5300-V300', NULL, NULL,
    NULL, NULL, NULL, NULL, 1711267200000
);

-- ============================================================
-- 合同14: Bharti Airtel 印度5G — CPD不满足 + 欠料 + 急单
-- ============================================================
INSERT OR REPLACE INTO contract_batch VALUES (
    '1Y15901234567C_B001', '1Y15901234567C', 'B001',
    '印度5G回传', 'Bharti Airtel', 'IN', 'OptiX OSN 1800',
    '张工', '2026-01-25', '2026-03-28', '2026-04-08', '2026-03-05', NULL,
    '王经理', NULL, '陈工', NULL, NULL,
    '提拉中', 1, '已承诺', 'Y', 'OSN1800-V100R022', NULL, NULL,
    '1', NULL, NULL, NULL, 1711267200000
);

-- ============================================================
-- 合同15: Globe Telecom 菲律宾传输 — 正常
-- ============================================================
INSERT OR REPLACE INTO contract_batch VALUES (
    '1Y16012345678D_B001', '1Y16012345678D', 'B001',
    '菲律宾传输网扩容', 'Globe Telecom', 'PH', 'OptiX OSN 9800',
    '张工', '2026-03-01', '2026-05-20', '2026-05-15', NULL, NULL,
    '李经理', NULL, '陈工', NULL, NULL,
    '正常', 1, '已承诺', NULL, 'OSN9800-V300R023', NULL, NULL,
    NULL, NULL, NULL, NULL, 1711267200000
);

-- ============================================================
-- 合同16: 中国移动 四川城域网 — 2个批次 1个不满足
-- ============================================================
INSERT OR REPLACE INTO contract_batch VALUES (
    '1Y17123456789E_B001', '1Y17123456789E', 'B001',
    '四川移动城域网', '中国移动', 'CN', 'OptiX OSN 9800',
    '张工', '2026-02-10', '2026-04-01', '2026-04-08', '2026-03-15', NULL,
    '李经理', '刘主管', '陈工', NULL, NULL,
    '提拉中', 1, '已承诺', NULL, 'OSN9800-V300R023', NULL, NULL,
    NULL, NULL, NULL, NULL, 1711267200000
);

INSERT OR REPLACE INTO contract_batch VALUES (
    '1Y17123456789E_B002', '1Y17123456789E', 'B002',
    '四川移动城域网', '中国移动', 'CN', 'OptiX OSN 9800',
    '张工', '2026-02-10', '2026-05-01', '2026-04-28', NULL, NULL,
    '李经理', '刘主管', '陈工', NULL, NULL,
    '正常', 1, '已承诺', NULL, 'OSN9800-V300R023', NULL, NULL,
    NULL, NULL, NULL, NULL, 1711267200000
);

-- ============================================================
-- 合同17: Telstra 澳洲企业网 — 正常 已交单
-- ============================================================
INSERT OR REPLACE INTO contract_batch VALUES (
    '1Y18234567890F_B001', '1Y18234567890F', 'B001',
    '澳洲企业网部署', 'Telstra', 'AU', 'NetEngine 8000',
    '王工', '2025-12-01', '2026-03-10', '2026-03-05', '2026-02-20', '2026-03-02',
    '赵经理', NULL, NULL, NULL, NULL,
    '已完成', 1, '已承诺', NULL, 'NE8000-X4', NULL, NULL,
    NULL, NULL, NULL, NULL, 1711267200000
);

-- ============================================================
-- 合同18: 中国联通 河南传输 — CPD不满足 + 欠料
-- ============================================================
INSERT OR REPLACE INTO contract_batch VALUES (
    '1Y19345678901A_B001', '1Y19345678901A', 'B001',
    '河南联通传输网', '中国联通', 'CN', 'OptiX OSN 1800',
    '张工', '2026-02-15', '2026-04-08', '2026-04-18', '2026-03-20', NULL,
    '李经理', NULL, '陈工', NULL, NULL,
    '提拉中', 1, '已承诺', 'Y', 'OSN1800-V100R022', NULL, NULL,
    NULL, '00E951302C', 'HWA003', '2026-04-12', 1711267200000
);

-- ============================================================
-- 合同19: Zain 科威特5G — 未承诺 + 急单
-- ============================================================
INSERT OR REPLACE INTO contract_batch VALUES (
    '1Y20456789012B_B001', '1Y20456789012B', 'B001',
    '科威特5G网络', 'Zain', 'KW', 'AirEngine 8700',
    '刘工', '2026-02-20', '2026-04-05', NULL, NULL, NULL,
    '钱经理', NULL, NULL, NULL, NULL,
    '待处理', 0, '未承诺', 'Y', 'AE8700-X1E', NULL, NULL,
    '1', NULL, NULL, NULL, 1711267200000
);

-- ============================================================
-- 合同20: Singtel 新加坡数据中心 — 正常
-- ============================================================
INSERT OR REPLACE INTO contract_batch VALUES (
    '1Y21567890123C_B001', '1Y21567890123C', 'B001',
    '新加坡数据中心', 'Singtel', 'SG', 'OceanStor 5300',
    '赵工', '2026-03-01', '2026-05-30', '2026-05-25', NULL, NULL,
    '孙经理', NULL, '李工', NULL, NULL,
    '正常', 1, '已承诺', NULL, 'OceanStor5300-V300', NULL, NULL,
    NULL, NULL, NULL, NULL, 1711267200000
);

-- ============================================================
-- 额外协同工单
-- ============================================================
INSERT OR REPLACE INTO collab_case VALUES (
    'CASE-2026-004', 'expedite', '1Y09345678901C', 'B001',
    'WL-MSG-004', 'open', '王工',
    'Etisalat急单未承诺，需尽快确认CPD',
    1711094400000, 1711267200000, NULL, 1711094400000, 1711267200000
);

INSERT OR REPLACE INTO collab_case VALUES (
    'CASE-2026-005', 'expedite', '1Y15901234567C', 'B001',
    'WL-MSG-005', 'open', '张工',
    'Bharti Airtel急单CPD不满足RPD，需提拉',
    1711008000000, 1711267200000, NULL, 1711008000000, 1711267200000
);

INSERT OR REPLACE INTO collab_case VALUES (
    'CASE-2026-006', 'risk', '1Y12678901234F', 'HWA001',
    'WL-MSG-006', 'open', '刘工',
    'STC急单HWA批次CPD超期',
    1711008000000, 1711267200000, NULL, 1711008000000, 1711267200000
);

-- ============================================================
-- 额外合同元数据
-- ============================================================
INSERT OR REPLACE INTO contract_meta VALUES ('1Y07123456789A', '北京联通城域网', 'CN', 1711267200000, 1711267200000);
INSERT OR REPLACE INTO contract_meta VALUES ('1Y08234567890B', '法国骨干网升级', 'FR', 1711267200000, NULL);
INSERT OR REPLACE INTO contract_meta VALUES ('1Y09345678901C', '阿联酋5G核心网', 'AE', 1711267200000, NULL);
INSERT OR REPLACE INTO contract_meta VALUES ('1Y10456789012D', '南非数据中心扩容', 'ZA', 1711267200000, NULL);
INSERT OR REPLACE INTO contract_meta VALUES ('1Y11567890123E', '广东移动传输网扩容', 'CN', 1711267200000, 1711180800000);
INSERT OR REPLACE INTO contract_meta VALUES ('1Y12678901234F', '沙特企业网部署', 'SA', 1711267200000, NULL);
INSERT OR REPLACE INTO contract_meta VALUES ('1Y13789012345A', '土耳其传输网', 'TR', 1711267200000, NULL);
INSERT OR REPLACE INTO contract_meta VALUES ('1Y14890123456B', '上海电信数据中心', 'CN', 1711267200000, NULL);
INSERT OR REPLACE INTO contract_meta VALUES ('1Y15901234567C', '印度5G回传', 'IN', 1711267200000, NULL);
INSERT OR REPLACE INTO contract_meta VALUES ('1Y16012345678D', '菲律宾传输网扩容', 'PH', 1711267200000, NULL);
INSERT OR REPLACE INTO contract_meta VALUES ('1Y17123456789E', '四川移动城域网', 'CN', 1711267200000, NULL);
INSERT OR REPLACE INTO contract_meta VALUES ('1Y18234567890F', '澳洲企业网部署', 'AU', 1711267200000, 1711267200000);
INSERT OR REPLACE INTO contract_meta VALUES ('1Y19345678901A', '河南联通传输网', 'CN', 1711267200000, NULL);
INSERT OR REPLACE INTO contract_meta VALUES ('1Y20456789012B', '科威特5G网络', 'KW', 1711267200000, NULL);
INSERT OR REPLACE INTO contract_meta VALUES ('1Y21567890123C', '新加坡数据中心', 'SG', 1711267200000, NULL);

-- ============================================================
-- 额外进展记录
-- ============================================================
INSERT INTO progress_note (contract_no, batch_no, contact, content, parsed_summary, created_at) VALUES
    ('1Y09345678901C', 'B001', '承诺坐席', '已催促供应经理赵经理确认承诺，预计明天回复', '催承诺中，待赵经理确认', 1711180800000),
    ('1Y11567890123E', 'B001', '大调度 张工', '关联00E已确认，HWA批次排产中，预计4月10日出货', '关联批次排产中 ETA 4/10', 1711094400000),
    ('1Y15901234567C', 'B001', '供应经理 王经理', '光模块缺3个，已协调深圳仓调拨，周四到', '光模块缺3 ETA 周四，深圳仓调拨', 1711008000000);
